Workbook

Sheet Data Dosen
A1: No | B1: Nama | C1: Prodi | D1: Jumlah Matkul | E1: Jumlah Kelas | F1: Jumlah Responden | G1: Nilai Kuesioner | H1: Jumlah Kehadiran | I1: Konten | J1: Jumlah Penelitian | K1: Jumlah Pengabdian | L1: P1 | M1: P2 | N1: P3 | O1: P4 | P1: P5 | Q1: K1 | R1: K2 | S1: K3 | T1: K4
A2: 1 | B2: ANDY YUNIARSO, SE, MM, MBA | C2: Akuntansi | U2: .
A3: 2 | B3: DEA ARME TIARA HARAHAP, M.Ak. | C3: Akuntansi | D3: 8 | E3: 10 | F3: 131 dari 312 | G3: 4.52 | H3: 16 | I3: 3.37 | J3: 1 | K3: 2 | U3: .
A4: 3 | B4: DANIA MEIDA ROSYIDAH, M.Ak | C4: Akuntansi | D4: 3 | E4: 7 | F4: 81 dari 211 | G4: 4.15 | H4: 16 | I4: 3.4 | J4: 1 | K4: 2 | U4: .
A5: 4 | B5: ELIN PAULINA, MM | C5: Akuntansi | D5: 2 | E5: 5 | F5: 55 dari 167 | G5: 4.14 | H5: 16 | I5: 4.93 | J5: 1 | K5: 1 | U5: .
A6: 5 | B6: HELIANI, SE., M.Ak | C6: Akuntansi | D6: 4 | E6: 9 | F6: 154 dari 296 | G6: 4.26 | H6: 16 | I6: 4.01 | J6: 1 | K6: 2 | U6: .
A7: 6 | B7: IRWAN HERMAWAN, SE., ME | C7: Akuntansi | U7: .
A8: 7 | B8: MEUTIA RIANY, S.E., M,Ak | C8: Akuntansi | D8: 4 | E8: 8 | F8: 123 dari 236 | G8: 4.43 | H8: 16 | I8: 3.96 | J8: 2 | K8: 3 | U8: .
A9: 8 | B9: NANAN SUNANDAR, S.E., M. Akt | C9: Akuntansi | U9: .
A10: 9 | B10: NUR HIDAYAH KUSUMANINGRUM FADHILAH, SE.,M.Ak | C10: Akuntansi | D10: 4 | E10: 6 | F10: 129 dari 184 | G10: 4.22 | H10: 16 | I10: 4.68 | J10: 1 | K10: 1 | U10: .
A11: 10 | B11: SITI SARAH SOBARIAH LESTARI, M.Stat | C11: Akuntansi | D11: 2 | E11: 5 | F11: 61 dari 146 | G11: 3.85 | U11: .
A12: 11 | B12: TAOFIK MUHAMMAD GUMELAR, M.Ak | C12: Akuntansi | D12: 2 | E12: 11 | F12: 180 dari 322 | G12: 4.22 | H12: 16 | I12: 4.39 | J12: 1 | K12: 1 | U12: .
A13: 12 | B13: NURUL RUSDIANSYAH, M.Ak.., S.Akun | C13: Akuntansi | D13: 3 | E13: 7 | F13: 105 dari 191 | G13: 4.25 | H13: 16 | I13: 4.67 | U13: .
A14: 13 | B14: MUHAMMAD ZULVAN DWI HATMOKO, M.Acc | C14: Akuntansi | D14: 1 | E14: 6 | F14: 99 dari 181 | G14: 3.91 | H14: 16 | I14: 4.23 | U14: .
A15: 14 | B15: WAHYU MULYADI, S.AB., M.Si | C15: Akuntansi | U15: .
A16: 15 | B16: KHAIRUL MUJAHIDI, S.E., M.AK | C16: Akuntansi | D16: 1 | E16: 6 | F16: 102 dari 182 | G16: 4.12 | H16: 16 | I16: 4.55 | J16: 1 | K16: 1 | U16: .
A17: 16 | B17: NUR ALIM BAHRI, S.Ak., M.Ak | C17: Akuntansi | U17: .
A18: 17 | B18: ADI NURPERMANA, M.Ak | C18: Akuntansi | U18: .
A19: 18 | B19: SHERLITA NUROSIDAH, AE., M.Sc., ME | C19: Akuntansi | U19: .
A20: 19 | B20: HERMAN RUSTANDI, S.Ak., M.Ak | C20: Akuntansi | D20: 3 | E20: 11 | F20: 157 dari 334 | G20: 4.29 | H20: 16 | I20: 4.94 | U20: .
A21: 20 | B21: ARNI MAHARANI, S. Ak., M.Ak | C21: Akuntansi | U21: .
A22: 21 | B22: TIA SETIAWAN, M.Ak | C22: Akuntansi | D22: 2 | E22: 4 | F22: 43 dari 104 | G22: 4.24 | H22: 16 | I22: 5
A23: 22 | B23: KIKI YULIA RAMADHANI, SE., M.Tr.E | C23: Akuntansi | D23: 2 | E23: 8 | F23: 111 dari 231 | G23: 4.10 | H23: 16 | I23: 4.94
A24: 23 | B24: HERNY NURHAYATI, SE., MM., M.Si | C24: Akuntansi | D24: 1 | E24: 4 | F24: 78 dari 136 | G24: 4.01 | H24: 16 | I24: 5
A25: 24 | B25: AGUS DARMAWAN, S.Sn, M.Sn | C25: Desain Komunikasi Visual | D25: 2 | E25: 9 | F25: 72 dari 229 | G25: 4.23 | H25: 16 | I25: 3.69 | J25: 1 | K25: 1 | U25: .
A26: 25 | B26: ASEP WAHYUDIN, M.Sn | C26: Desain Komunikasi Visual | D26: 3 | E26: 4 | F26: 54 dari 123 | G26: 4.24 | H26: 16 | I26: 4.7 | J26: 0 | K26: 1 | U26: .
A27: 26 | B27: GESNIDA YUNITA, S.Sn, M.Sn, | C27: Desain Komunikasi Visual | D27: 1 | E27: 4 | F27: 15 dari 91 | G27: 4.46 | H27: 16 | I27: 4.88 | J27: 2 | K27: 2 | U27: .
A28: 27 | B28: Dr HERWAN, S.Pd.I., M.M.Pd | C28: Desain Komunikasi Visual | D28: 3 | E28: 18 | F28: 375 dari 620 | G28: 3.99 | H28: 16 | I28: 4.26 | J28: 1 | K28: 2 | U28: .
A29: 28 | B29: ICUH KOMALA, M.Sn | C29: Desain Komunikasi Visual | D29: 3 | E29: 9 | F29: 107 dari 278 | G29: 4.25 | H29: 16 | I29: 4.4 | J29: 1 | K29: 3 | U29: .
A30: 29 | B30: MOCHAMMAD FICKY AULIA, S.Ds., M.Sn | C30: Desain Komunikasi Visual | D30: 2 | E30: 7 | F30: 77 dari 208 | G30: 4.02 | H30: 16 | I30: 4.5 | J30: 1 | K30: 1 | U30: .
A31: 30 | B31: RARAY ISTIANAH, M.Pd | C31: Desain Komunikasi Visual | D31: 1 | E31: 4 | F31: 42 dari 115 | G31: 4.12 | H31: 16 | I31: 4.5 | J31: 2 | K31: 2 | U31: .
A32: 31 | B32: TULUS REGA WAHYUNI E, S.Kom.I., M.Sn | C32: Desain Komunikasi Visual | D32: 3 | E32: 9 | F32: 115 dari 281 | G32: 4.15 | H32: 16 | I32: 2.84 | J32: 1 | K32: 1 | U32: .
A33: 32 | B33: RIFKY NUGRAHA,, S.Pd., M.Ds | C33: Desain Komunikasi Visual | D33: 2 | E33: 10 | F33: 62 dari 236 | G33: 4.26 | H33: 16 | I33: 4.95 | J33: 1 | K33: 1 | U33: .
A34: 33 | B34: IRVING GUSTAV SALIM, S.Pd., M.Ds | C34: Desain Komunikasi Visual | D34: 2 | E34: 9 | F34: 93 dari 256 | G34: 4.32 | H34: 15 | I34: 1.36 | J34: 2 | K34: 1 | U34: .
A35: 34 | B35: FIRMAN MUTAQIN, S.Ds., M.Ds | C35: Desain Komunikasi Visual | D35: 2 | E35: 6 | F35: 60 dari 164 | G35: 4.19 | H35: 16 | I35: 4.37 | J35: 2 | K35: 1 | U35: .
A36: 35 | B36: S.Ds IRNI RESMI APRIYANTI, S.Ds., M.Ds | C36: Desain Komunikasi Visual | D36: 2 | E36: 7 | F36: 40 dari 160 | G36: 4.03 | H36: 15 | I36: 5 | J36: 1 | K36: 1 | U36: .
A37: 36 | B37: Dr WATI SOLIHAT SUKMAWATI, M.Pd | C37: Desain Komunikasi Visual | D37: 2 | E37: 11 | F37: 132 dari 333 | G37: 4.07 | H37: 15.8 | I37: 3.44 | J37: 1 | K37: 1 | U37: .
A38: 37 | B38: SAMUEL RIHI HADI UTOMO, S.Ds., M.A. | C38: Desain Komunikasi Visual | U38: .
A39: 38 | B39: RIZKY NOVIASRI, M.Ds | C39: Desain Komunikasi Visual | D39: 1 | E39: 5 | F39: 12 dari 95 | G39: 4.32 | H39: 16 | I39: 5 | U39: .
A40: 39 | B40: ANITA APRILIANI RAHAYU, S.Ds., M.Ds. | C40: Desain Komunikasi Visual | D40: 1 | E40: 5 | F40: 56 dari 153 | G40: 4.11 | H40: 16 | I40: 4.54 | U40: .
A41: 40 | B41: RIYADHUS SHALIHIN, M.Sn. | C41: Desain Komunikasi Visual | U41: .
A42: 41 | B42: Dr ASEP SUTISNA SANJAYA, S.Pd., M.Pd | C42: Desain Komunikasi Visual | D42: 1 | E42: 3 | F42: 39 dari 77 | G42: 4.33 | H42: 16 | I42: 3.95 | J42: 3 | K42: 1 | U42: .
A43: 42 | B43: SABRINA RAISSA FEBRIANI, S.Ds., M.Ds | C43: Desain Komunikasi Visual | D43: 1 | E43: 4 | F43: 13 dari 86 | G43: 4.71 | H43: 16 | I43: 3.84
A44: 43 | B44: AGUS PERMANA, MM., M.Ds | C44: Desain Komunikasi Visual | D44: 2 | E44: 2 | F44: 8 dari 35 | G44: 4.36 | H44: 16 | I44: 3.99
A45: 44 | B45: ANTONIO JUNICO DA CRUZ SOARES, S.Ds., M.Ds | C45: Desain Komunikasi Visual | D45: 2 | E45: 2 | F45: 5 dari 31 | G45: 4.31 | H45: 15 | I45: 4.88
A46: 45 | B46: MUHAMMAD KHOIDIR, M.Ed | C46: Desain Komunikasi Visual | D46: 2 | E46: 5 | F46: 66 dari 163 | G46: 4.05 | H46: 15.78 | I46: 4.26
A47: 46 | B47: RATIH ALIFAH PUTRI, S.Ds., M.Ds | C47: Desain Komunikasi Visual | D47: 1 | E47: 1 | F47: 14 dari 34 | G47: 3.96 | H47: 16 | I47: 3
A48: 47 | B48: GLYNAE WIDYAWATI, SE., MM | C48: Desain Komunikasi Visual | D48: 2 | E48: 4 | F48: 38 dari 128 | G48: 3.94 | H48: 16 | I48: 4.5
A49: 48 | B49: RIZKA NURHANA DEWI, M.Ds | C49: Desain Komunikasi Visual | D49: 1 | E49: 5 | F49: 55 dari 147 | G49: 3.90 | H49: 16 | I49: 4.3
A50: 49 | B50: ESA HARI AKBAR, M.Sn | C50: Desain Komunikasi Visual | D50: 1 | E50: 4 | F50: 47 dari 120 | G50: 3.47 | H50: 15 | I50: 3.57
A51: 50 | B51: Dr. ARMANSYAH, S.H., M.H. | C51: Hukum | D51: 10 | E51: 15 | F51: 311 dari 514 | G51: 3.93 | H51: 16 | I51: 4.1 | J51: 1 | K51: 2 | U51: .
A52: 51 | B52: CSA TEDDY LESMANA, SH MH | C52: Hukum | D52: 4 | E52: 7 | F52: 129 dari 216 | G52: 4.30 | H52: 15.2 | I52: 1.39 | J52: 1 | K52: 0 | U52: .
A53: 52 | B53: ENDAH PERTIWI, S.H, M.Kn. | C53: Hukum | D53: 4 | E53: 10 | F53: 214 dari 370 | G53: 4.16 | H53: 16 | I53: 4.39 | J53: 1 | K53: 3 | U53: .
A54: 53 | B54: Dr. dr HERI HERIYANTO, MM | C54: Hukum | D54: 5 | E54: 13 | F54: 212 dari 370 | G54: 4.27 | H54: 16 | I54: 3.74 | J54: 1 | K54: 1 | U54: .
A55: 54 | B55: JUNAIDI, SH, MM | C55: Hukum | D55: 2 | E55: 5 | F55: 107 dari 163 | G55: 4.33 | H55: 15.66 | I55: 4.71 | J55: 1 | K55: 1 | U55: .
A56: 55 | B56: MUHAMMAD RIDHO SINAGA,, SH.,MH | C56: Hukum | D56: 7 | E56: 12 | F56: 259 dari 455 | G56: 4.23 | H56: 9 | I56: 1.54 | J56: 1 | K56: 1 | U56: .
A57: 56 | B57: NUCHRAHA ALHUDA HASNDA, SH., MH | C57: Hukum | D57: 6 | E57: 12 | F57: 221 dari 420 | G57: 4.50 | H57: 16 | I57: 2.24 | J57: 2 | K57: 1 | U57: .
A58: 57 | B58: RIDA ISTA SITEPU, S.H., M.H | C58: Hukum | D58: 2 | E58: 3 | F58: 60 dari 94 | G58: 4.46 | H58: 14 | I58: 4.13 | J58: 2 | K58: 3 | U58: .
A59: 58 | B59: SUMARTA SETIADI, S.H., M.H | C59: Hukum | D59: 2 | E59: 3 | F59: 57 dari 118 | G59: 3.93 | H59: 16 | I59: 4.79 | U59: .
A60: 59 | B60: UJANG BADRU JAMAN, SH, MH | C60: Hukum | D60: 5 | E60: 10 | F60: 224 dari 370 | G60: 4.22 | H60: 16 | I60: 3.75 | J60: 1 | K60: 1 | U60: .
A61: 60 | B61: HAPPY DAVID PRADHAN, Ph.D | C61: Hukum | U61: .
A62: 61 | B62: Dr BRAM B BAAN, SH., MH, MPH | C62: Hukum | D62: 5 | E62: 12 | F62: 189 dari 364 | G62: 4.37 | H62: 16 | I62: 3.61 | J62: 1 | K62: 2 | U62: .
A63: 62 | B63: Dr RAHMATSYAH, S.H., M.M., M.H | C63: Hukum | D63: 3 | E63: 5 | F63: 95 dari 178 | G63: 4.09 | I63: 3.33 | U63: .
A64: 63 | B64: HAJI ZAENAL ABIDIN, SH, MH, M.Kn | C64: Hukum | U64: .
A65: 64 | B65: MUHAMAD RIZKI ABDUL MALIK, SH., MH | C65: Hukum | D65: 5 | E65: 10 | F65: 202 dari 336 | G65: 4.32 | H65: 16 | I65: 4.16 | J65: 1 | K65: 1 | U65: .
A66: 65 | B66: PADLILAH, S.H., M.H | C66: Hukum | D66: 2 | E66: 4 | F66: 95 dari 140 | G66: 3.92 | H66: 2 | I66: 0.02 | J66: 2 | K66: 2 | U66: .
A67: 66 | B67: Dr M. ROKEN FADLY. MK, MH | C67: Hukum | D67: 1 | E67: 1 | F67: 15 dari 27 | G67: 4.48 | H67: 0 | I67: 0 | U67: .
A68: 67 | B68: ALFONSUS SOMBOLINGGI, M.Hum | C68: Hukum | D68: 1 | E68: 1 | F68: 28 dari 39 | G68: 4.43 | H68: 16 | I68: 2.74 | U68: .
A69: 68 | B69: PROF. MARCO MACRCHETTI, Ph.D | C69: Hukum | D69: 3 | E69: 3 | F69: 48 dari 86 | G69: 4.43 | H69: 15 | I69: 1.31 | U69: .
A70: 69 | B70: SARITA NANDMEHAR | C70: Hukum | U70: .
A71: 70 | B71: PROF. DR. RR. DEWI ANGGRAENI, S.H.., M.H | C71: Hukum | D71: 2 | E71: 3 | F71: 64 dari 92 | G71: 4.64 | H71: 14.5 | I71: 2.7 | U71: .
A72: 71 | B72: ABU BAKAR, S.Sos., MM | C72: Manajemen | D72: 3 | E72: 6 | F72: 78 dari 179 | G72: 3.99 | H72: 16 | I72: 3.35 | J72: 2 | K72: 1 | U72: .
A73: 72 | B73: AGUNG MAULANA, M.A | C73: Manajemen | D73: 3 | E73: 9 | F73: 136 dari 283 | G73: 3.81 | H73: 16 | I73: 3.79 | J73: 1 | K73: 1 | U73: .
A74: 73 | B74: ANA YULIANA JASUNI, M.M. | C74: Manajemen | D74: 4 | E74: 10 | F74: 173 dari 310 | G74: 4.05 | H74: 16 | I74: 4.35 | U74: .
A75: 74 | B75: ANDRI ARDHIYANSYAH, M.B.A | C75: Manajemen | D75: 4 | E75: 11 | F75: 229 dari 382 | G75: 4.29 | H75: 16 | I75: 5 | J75: 2 | K75: 1 | U75: .
A76: 75 | B76: BAGJA RAHMA PUTRA, SE., MM | C76: Manajemen | D76: 2 | E76: 5 | F76: 121 dari 164 | G76: 2.72 | H76: 10.6 | I76: 2.85 | U76: .
A77: 76 | B77: BONSE ARIS MANDALA PUTRA SIMANGUNSONG | C77: Manajemen | D77: 2 | E77: 6 | F77: 130 dari 196 | G77: 3.99 | H77: 16 | I77: 5 | J77: 2 | K77: 1 | U77: .
A78: 77 | B78: FITRINA LESTARI, S.Si., MBA | C78: Manajemen | D78: 1 | E78: 6 | F78: 110 dari 201 | G78: 4.11 | H78: 16 | I78: 4.71 | J78: 2 | K78: 1 | U78: .
A79: 78 | B79: Dr DR GUSTIAN DJUANDA, SE,MM | C79: Manajemen | D79: 2 | E79: 5 | F79: 54 dari 153 | G79: 3.71 | H79: 16 | I79: 4.9 | J79: 27 | K79: 5 | U79: .
A80: 79 | B80: HESRI MINTAWATI, S.Pd.,MM.,Ph.D | C80: Manajemen | D80: 3 | E80: 7 | F80: 101 dari 236 | G80: 4.63 | H80: 16 | I80: 4.85 | J80: 2 | K80: 2 | U80: .
A81: 80 | B81: KALFAJRIN KURNIAJI, MM.,MBA | C81: Manajemen | D81: 3 | E81: 7 | F81: 122 dari 211 | G81: 4.33 | H81: 16 | I81: 4.89 | J81: 1 | K81: 0 | U81: .
A82: 81 | B82: KHARISMA, SST, MBA | C82: Manajemen | D82: 2 | E82: 5 | F82: 63 dari 177 | G82: 4.12 | H82: 16 | I82: 4.3 | J82: 3 | K82: 1 | U82: .
A83: 82 | B83: Dr KURNIAWAN, S.T, M.Si, M.M | C83: Manajemen | D83: 2 | E83: 3 | F83: 13 dari 92 | G83: 4.10 | I83: 4.17 | J83: 1 | K83: 1 | U83: .
A84: 83 | B84: M. ANDRI JUNIANSYAH, S.E., M.M | C84: Manajemen | D84: 1 | E84: 3 | F84: 38 dari 102 | G84: 4.16 | H84: 15.66 | I84: 4.42 | J84: 1 | K84: 2 | U84: .
A85: 84 | B85: MARINA, M.M.,M.Pd | C85: Manajemen | D85: 1 | E85: 6 | F85: 38 dari 202 | G85: 4.50 | H85: 16 | I85: 4.93 | J85: 1 | K85: 1 | U85: .
A86: 85 | B86: MAULITA LUTFIANI, SE., M.M | C86: Manajemen | D86: 2 | E86: 4 | F86: 58 dari 118 | G86: 4.19 | H86: 16 | I86: 5 | J86: 2 | K86: 1 | U86: .
A87: 86 | B87: MUHAMAD WAHYU HAMIJAYA, SE.,MM | C87: Manajemen | D87: 2 | E87: 7 | F87: 95 dari 245 | G87: 4.14 | H87: 16 | I87: 4.38 | J87: 3 | K87: 3 | U87: .
A88: 87 | B88: RR AMANNA DZIKRILLAH LAZUARDINI LUQMAN AL HAKIM, MBA | C88: Manajemen | D88: 2 | E88: 8 | F88: 154 dari 286 | G88: 4.27 | H88: 16 | I88: 4.17 | J88: 2 | K88: 1 | U88: .
A89: 88 | B89: REKA RAMADHAN, S.Si.,M.Pd | C89: Manajemen | D89: 3 | E89: 14 | F89: 238 dari 462 | G89: 4.22 | H89: 16 | I89: 4.2 | J89: 3 | K89: 1 | U89: .
A90: 89 | B90: RENA YULIANA, S.Pd., M.E | C90: Manajemen | D90: 1 | E90: 4 | F90: 65 dari 149 | G90: 4.43 | H90: 16 | I90: 4.78 | J90: 1 | K90: 2 | U90: .
A91: 90 | B91: RIYAN MIRDAN FARIS, S.E, M.Si | C91: Manajemen | D91: 2 | E91: 8 | F91: 167 dari 269 | G91: 4.27 | H91: 14.62 | I91: 2.79 | J91: 1 | K91: 1 | U91: .
A92: 91 | B92: SALIX FINI MARIS, S.TP, M.M. | C92: Manajemen | D92: 1 | E92: 5 | F92: 89 dari 165 | G92: 4.03 | H92: 16 | I92: 4.98 | J92: 1 | K92: 1 | U92: .
A93: 92 | B93: UMAR MANSUR, S.IP., M.M | C93: Manajemen | D93: 2 | E93: 7 | F93: 148 dari 252 | G93: 4.24 | H93: 15.71 | I93: 4.98 | J93: 2 | K93: 1 | U93: .
A94: 93 | B94: Drs YOEDANI, M.M | C94: Manajemen | D94: 2 | E94: 5 | F94: 42 dari 177 | G94: 4.41 | H94: 16 | I94: 3.7 | J94: 1 | K94: 1 | U94: .
A95: 94 | B95: SITI NUR AISYAH, MA | C95: Manajemen | D95: 1 | E95: 6 | F95: 116 dari 194 | G95: 3.68 | H95: 16 | I95: 5 | J95: 4 | K95: 1 | U95: .
... A99: 98 | B99: NIA SONANI, SE., MM | C99: Manajemen | D99: 1 | E99: 7 | F99: 130 dari 228 | G99: 4.21 | H99: 16 | I99: 2.5 | J99: 4 | K99: 3 | U99: .
A100: 99 | B100: THESSA TRI ASTUTY, S.E., M.M. | C100: Manajemen | H100: 16 | I100: 3.37 | U100: .
A101: 100 | B101: CHIQUITA MAHARANI, S.Si., MM | C101: Manajemen | D101: 3 | E101: 8 | F101: 130 dari 242 | G101: 3.95 | J101: 1 | K101: 1 | U101: .
A102: 101 | B102: VIRANIE DWI MONIKAWATIE, S.Pd., M.Pd. | C102: Manajemen | D102: 1 | E102: 6 | F102: 84 dari 165 | G102: 4.24 | H102: 13.37 | I102: 3.33 | J102: 1 | K102: 1 | U102: .
A103: 102 | B103: ARIEF FIRMANTO, S.Kom., M.M | C103: Manajemen | D103: 1 | E103: 3 | F103: 46 dari 106 | G103: 4.17 | H103: 16 | I103: 4.3 | J103: 1 | K103: 1 | U103: .
...

Sheet Skor Bobot
A1: NO | B1: A | C1: B | D1: C | E1: D | F1: E | H1: 1 | I1: 2 | J1: 3 | K1: 4 | L1: 5 | M1: Skor
H2: =B2*$H$1 -> 0 | I2: =C2*$I$1 -> 0 | J2: =D2*$J$1 -> 0 | K2: =E2*$K$1 -> 0 | L2: =F2*$L$1 -> 0 | M2: =SUM(H2:L2) -> 0
H3: =B3*$H$1 -> 0 | I3: =C3*$I$1 -> 0 | J3: =D3*$J$1 -> 0 | K3: =E3*$K$1 -> 0 | L3: =F3*$L$1 -> 0 | M3: =SUM(H3:L3) -> 0
H4: =B4*$H$1 -> 0 | I4: =C4*$I$1 -> 0 | J4: =D4*$J$1 -> 0 | K4: =E4*$K$1 -> 0 | L4: =F4*$L$1 -> 0 | M4: =SUM(H4:L4) -> 0
H5: =B5*$H$1 -> 0 | I5: =C5*$I$1 -> 0 | J5: =D5*$J$1 -> 0 | K5: =E5*$K$1 -> 0 | L5: =F5*$L$1 -> 0 | M5: =SUM(H5:L5) -> 0
H6: =B6*$H$1 -> 0 | I6: =C6*$I$1 -> 0 | J6: =D6*$J$1 -> 0 | K6: =E6*$K$1 -> 0 | L6: =F6*$L$1 -> 0 | M6: =SUM(H6:L6) -> 0
H7: =B7*$H$1 -> 0 | I7: =C7*$I$1 -> 0 | J7: =D7*$J$1 -> 0 | K7: =E7*$K$1 -> 0 | L7: =F7*$L$1 -> 0 | M7: =SUM(H7:L7) -> 0
H8: =B8*$H$1 -> 0 | I8: =C8*$I$1 -> 0 | J8: =D8*$J$1 -> 0 | K8: =E8*$K$1 -> 0 | L8: =F8*$L$1 -> 0 | M8: =SUM(H8:L8) -> 0
H9: =B9*$H$1 -> 0 | I9: =C9*$I$1 -> 0 | J9: =D9*$J$1 -> 0 | K9: =E9*$K$1 -> 0 | L9: =F9*$L$1 -> 0 | M9: =SUM(H9:L9) -> 0
H10: =B10*$H$1 -> 0 | I10: =C10*$I$1 -> 0 | J10: =D10*$J$1 -> 0 | K10: =E10*$K$1 -> 0 | L10: =F10*$L$1 -> 0 | M10: =SUM(H10:L10) -> 0
H11: =B11*$H$1 -> 0 | I11: =C11*$I$1 -> 0 | J11: =D11*$J$1 -> 0 | K11: =E11*$K$1 -> 0 | L11: =F11*$L$1 -> 0 | M11: =SUM(H11:L11) -> 0
H12: =B12*$H$1 -> 0 | I12: =C12*$I$1 -> 0 | J12: =D12*$J$1 -> 0 | K12: =E12*$K$1 -> 0 | L12: =F12*$L$1 -> 0 | M12: =SUM(H12:L12) -> 0
H13: =B13*$H$1 -> 0 | I13: =C13*$I$1 -> 0 | J13: =D13*$J$1 -> 0 | K13: =E13*$K$1 -> 0 | L13: =F13*$L$1 -> 0 | M13: =SUM(H13:L13) -> 0
... H1000: =B1000*$H$1 -> 0 | I1000: =C1000*$I$1 -> 0 | J1000: =D1000*$J$1 -> 0 | K1000: =E1000*$K$1 -> 0 | L1000: =F1000*$L$1 -> 0 | M1000: =SUM(H1000:L1000) -> 0

Sheet Skor
A1: No | B1: Skor | D1: No | E1: Skor
A2: ='Skor Bobot'!$A$2:$A$1000 -> 0 | B2: ='Skor Bobot'!$M$2:$M$1000 -> 0
A3: ='Skor Bobot'!$A$2:$A$1000 -> 0 | B3: ='Skor Bobot'!$M$2:$M$1000 -> 0
A4: ='Skor Bobot'!$A$2:$A$1000 -> 0 | B4: ='Skor Bobot'!$M$2:$M$1000 -> 0
A5: ='Skor Bobot'!$A$2:$A$1000 -> 0 | B5: ='Skor Bobot'!$M$2:$M$1000 -> 0
A6: ='Skor Bobot'!$A$2:$A$1000 -> 0 | B6: ='Skor Bobot'!$M$2:$M$1000 -> 0
A7: ='Skor Bobot'!$A$2:$A$1000 -> 0 | B7: ='Skor Bobot'!$M$2:$M$1000 -> 0
A8: ='Skor Bobot'!$A$2:$A$1000 -> 0 | B8: ='Skor Bobot'!$M$2:$M$1000 -> 0
A9: ='Skor Bobot'!$A$2:$A$1000 -> 0 | B9: ='Skor Bobot'!$M$2:$M$1000 -> 0
A10: ='Skor Bobot'!$A$2:$A$1000 -> 0 | B10: ='Skor Bobot'!$M$2:$M$1000 -> 0
A11: ='Skor Bobot'!$A$2:$A$1000 -> 0 | B11: ='Skor Bobot'!$M$2:$M$1000 -> 0
A12: ='Skor Bobot'!$A$2:$A$1000 -> 0 | B12: ='Skor Bobot'!$M$2:$M$1000 -> 0
A13: ='Skor Bobot'!$A$2:$A$1000 -> 0 | B13: ='Skor Bobot'!$M$2:$M$1000 -> 0
... A365: ='Skor Bobot'!$A$2:$A$1000 -> 0 | B365: ='Skor Bobot'!$M$2:$M$1000 -> 0

Sheet Rata-Rata
A1: Dummy | B1: No | C1: Kriteria | D1: No | F1: No | G1: Rata-Rata | I1: No | J1: Rata-Rata | L1: Obs | M1: No
D2: 1 | F2: 1 | G2: =AVERAGE(E2:E14) -> #DIV/0! | L2: 1 | M2: =SMALL($I$2:$I$11,L2) -> #NUM! | N2: =VLOOKUP(M2,$T$2:$U$29,2,FALSE) -> #NUM! | T2: 1 | U2: Kesiapan memberikan kuliah dan/atau praktek/praktikum
D3: 1 | F3: 2 | G3: =AVERAGE(E16:E28) -> #DIV/0! | L3: 2 | M3: =SMALL($I$2:$I$11,L3) -> #NUM! | N3: =VLOOKUP(M3,$T$2:$U$29,2,FALSE) -> #NUM! | T3: 2 | U3: Keteraturan dan ketertiban penyelengaraan perkuliahan
D4: 1 | F4: 3 | G4: =AVERAGE(E30:E42) -> #DIV/0! | L4: 3 | M4: =SMALL($I$2:$I$11,L4) -> #NUM! | N4: =VLOOKUP(M4,$T$2:$U$29,2,FALSE) -> #NUM! | T4: 3 | U4: Kemampuan menghidupkan suasana kelas
D5: 1 | F5: 4 | G5: =AVERAGE(E44:E56) -> #DIV/0! | L5: 4 | M5: =SMALL($I$2:$I$11,L5) -> #NUM! | N5: =VLOOKUP(M5,$T$2:$U$29,2,FALSE) -> #NUM! | T5: 4 | U5: Kejelasan penyampaian materi dan jawaban terhadap pertanyaan di kelas
D6: 1 | F6: 5 | G6: =AVERAGE(E58:E70) -> #DIV/0! | L6: 5 | M6: =SMALL($I$2:$I$11,L6) -> #NUM! | N6: =VLOOKUP(M6,$T$2:$U$29,2,FALSE) -> #NUM! | T6: 5 | U6: Pemanfaatan media dan teknologi pembelajaran
D7: 1 | F7: 6 | G7: =AVERAGE(E72:E84) -> #DIV/0! | T7: 6 | U7: Keanekaragaman cara pengukuran hasil belajar
D8: 1 | F8: 7 | G8: =AVERAGE(E86:E98) -> #DIV/0! | T8: 7 | U8: Pemberian umpan balik terhadap tugas
D9: 1 | F9: 8 | G9: =AVERAGE(E100:E112) -> #DIV/0! | T9: 8 | U9: Kesesuaian materi ujian dan/atau tugas dengan tujuan mata kuliah
D10: 1 | F10: 9 | G10: =AVERAGE(E114:E126) -> #DIV/0! | T10: 9 | U10: Kesesuaian nilai yang diberikan dengan hasil belajar
D11: 1 | F11: 10 | G11: =AVERAGE(E128:E140) -> #DIV/0! | T11: 10 | U11: Kemampuan menjelaskan pokok pembahasan/topik secara cepat
D12: 1 | F12: 11 | G12: =AVERAGE(E142:E154) -> #DIV/0! | T12: 11 | U12: Kemampuan memberikan contoh relevan dari konsep yang diajarkan
D13: 1 | F13: 12 | G13: =AVERAGE(E156:E168) -> #DIV/0! | T13: 12 | U13: Kemampuan menjelaskan keterkaitan bidang/topik yang di ajarkan dengan bidang/topik yang lain
D14: 1 | F14: 13 | G14: =AVERAGE(E170:E182) -> #DIV/0! | T14: 13 | U14: Kemampuan menjelaskan keterkaitan bidang/topik yang diajarkan dengan konteks
F15: 14 | G15: =AVERAGE(E184:E196) -> #DIV/0! | T15: 14 | U15: Penguasaan akan isu-isu mutakhir dalam bidang yang diajarkan
D16: 2 | F16: 15 | G16: =AVERAGE(E198:E210) -> #DIV/0! | T16: 15 | U16: Pengguanaan hasil-hasil penelitian untuk meningkatkan kualitas perkuliahaan
D17: 2 | F17: 16 | G17: =AVERAGE(E212:E224) -> #DIV/0! | T17: 16 | U17: Pelibatan mahasiswa dalam penelitian/kajian dan/atau pengembangan/rekayasa/desain yang dilakukan oleh dosen
D18: 2 | F18: 17 | G18: =AVERAGE(E226:E238) -> #DIV/0! | T18: 17 | U18: Kemampuan menggunakan beragam teknologi komunikasi
D19: 2 | F19: 18 | G19: =AVERAGE(E240:E252) -> #DIV/0! | T19: 18 | U19: Keawibawaan sebagai pribadi dosen
D20: 2 | F20: 19 | G20: =AVERAGE(E254:E266) -> #DIV/0! | T20: 19 | U20: Kearifan dalam mengambil keputusan
D21: 2 | F21: 20 | G21: =AVERAGE(E268:E280) -> #DIV/0! | T21: 20 | U21: Menjadi contoh dalam sikap dan perilaku
D22: 2 | F22: 21 | G22: =AVERAGE(E282:E366) -> #DIV/0! | T22: 21 | U22: Satunya kata dan tindakan
D23: 2 | F23: 22 | G23: =AVERAGE(E310:E381) -> #DIV/0! | T23: 22 | U23: Kemampuan mengendalikan diri dalam berbagai situasi dan kondisi
D24: 2 | F24: 23 | G24: =AVERAGE(E310:E322) -> #DIV/0! | T24: 23 | U24: Adil dalam memperlakukan mahasiswa
D25: 2 | F25: 24 | G25: =AVERAGE(E324:E336) -> #DIV/0! | T25: 24 | U25: Kemampuan menyampaikan pendapat
D26: 2 | F26: 25 | G26: =AVERAGE(E338:E350) -> #DIV/0! | T26: 25 | U26: Kemampuan menerima kritik, saran dan pendapat mahasiswa
D27: 2 | F27: 26 | G27: =AVERAGE(E352:E364) -> #DIV/0! | T27: 26 | U27: Mengenal dengan baik mahasiswa yang mengikuti kuliahnya
D28: 2 | F28: 27 | G28: =AVERAGE(E366:E378) -> #DIV/0! | T28: 27 | U28: Mudah bergaul di kalangan mahasiswa
F29: 28 | G29: =AVERAGE(E380:E392) -> #DIV/0! | T29: 28 | U29: Toleransi terhadap keberagaman mahasiswa
D30: 3
D31: 3
D32: 3
D33: 3
D34: 3
D35: 3
D36: 3
D37: 3
D38: 3
D39: 3
D40: 3
D41: 3
... D392: 28

Sheet Rapot
M1: 1
A5: LAPORAN EVALUASI TRIDHARMA DOSEN
A6: GASAL 2025-2026
A7: NUSA PUTRA UNIVERSITY
A8: Jl. Raya Cibolang No. 21, Cibolang Kaler, Cisaat, Cibolang Kaler, Cisaat, Sukabumi, Jawa Barat 43152. Telp. (0266) 210594
A10: A. IDENTITAS DOSEN
B11: NAMA DOSEN | C11: =VLOOKUP($M$1,'Data Dosen'!$A$1:$K$1179,2,FALSE) -> ANDY YUNIARSO, SE, MM, MBA
B12: PROGRAM STUDI | C12: =VLOOKUP($M$1,'Data Dosen'!$A$1:$K$1179,3,FALSE) -> Akuntansi
B13: JUMLAH MATA KULIAH | C13: =VLOOKUP($M$1,'Data Dosen'!$A$1:$K$1179,4,FALSE) -> 0
B14: JUMLAH KELAS | C14: =VLOOKUP($M$1,'Data Dosen'!$A$1:$K$1179,5,FALSE) -> 0
B15: JUMLAH RESPONDEN | C15: =VLOOKUP($M$1,'Data Dosen'!$A$1:$K$1179,6,FALSE) -> 0
A16: B. REKAPITULASI PENILAIAN
B17: Indikator Penilaian | C17: Nilai | D17: Keterangan
B18: Kuesioner Mahasiswa | C18: =VLOOKUP($M$1,'Data Dosen'!$A$1:$K$1179,7,FALSE) -> 0 | D18: =IF(C18>=4.58,"Sangat Baik",IF(AND(C18>=4.12,C18<4.8),"Baik",IF(AND(C18>=3.66,C18<4.12),"Cukup","Kurang Baik"))) -> Kurang Baik
B19: Kehadiran | C19: =VLOOKUP($M$1,'Data Dosen'!$A$1:$K$1179,8,FALSE) -> 0 | D19: =IF(C19<14,"Belum Memenuhi","Sudah Memenuhi") -> Belum Memenuhi
B20: Kelengkapan Konten Perkuliahan | C20: =VLOOKUP($M$1,'Data Dosen'!$A$1:$K$1179,9,FALSE) -> 0 | D20: =IF(C20>=4.58,"Sangat Baik",IF(AND(C20>=4.12,C20<4.57),"Baik",IF(AND(C20>=3.66,C20<4.12),"Cukup","Kurang "))) -> Kurang
B21: Penelitian | C21: =VLOOKUP($M$1,'Data Dosen'!$A$1:$K$1179,10,FALSE) -> 0 | D21: =IF(C21>=1,"Memenuhi","Belum Memenuhi") -> Belum Memenuhi
B22: Pengabdian | C22: =VLOOKUP($M$1,'Data Dosen'!$A$1:$K$1179,11,FALSE) -> 0 | D22: =IF(C22>=1,"Memenuhi","Belum Memenuhi") -> Belum Memenuhi
A24: C. ASPEK PEMBELAJARAN
A25: C1. REKOMENDASI PERBAIKAN
A26: 1 | B26: =VLOOKUP($M$1,'Data Dosen'!$A$1:$T$1199,12,FALSE) -> 0
A27: 2 | B27: =VLOOKUP($M$1,'Data Dosen'!$A$1:$T$1199,13,FALSE) -> 0
A28: 3 | B28: =VLOOKUP($M$1,'Data Dosen'!$A$1:$T$1199,14,FALSE) -> 0
A29: 4 | B29: =VLOOKUP($M$1,'Data Dosen'!$A$1:$T$1199,15,FALSE) -> 0
A30: 5 | B30: =VLOOKUP($M$1,'Data Dosen'!$A$1:$T$1199,16,FALSE) -> 0
A32: D. CATATAN
A33: - | B33: =VLOOKUP($M$1,'Data Dosen'!$A$1:$T$1199,17,FALSE) -> 0
A34: - | B34: =VLOOKUP($M$1,'Data Dosen'!$A$1:$T$1199,18,FALSE) -> 0
A35: - | B35: =VLOOKUP($M$1,'Data Dosen'!$A$1:$T$1199,19,FALSE) -> 0
A36: - | B36: =VLOOKUP($M$1,'Data Dosen'!$A$1:$T$1199,20,FALSE) -> 0
B39: UNIT PENJAMINAN MUTU
B40: UNIVERSITAS NUSA PUTRA | C40: CATATAN: KRITERIA PENSKORAN
C41: RENTANG SKOR | E41: KRITERIA
C42: 3.2 | D42: s/d 3.65 | E42: Kurang Baik
C43: 3.66 | D43: s/d 4.11 | E43: Cukup
C44: 4.12 | D44: s/d 4.57 | E44: Baik
C45: 4.58 | D45: s/d 5.00 | E45: Sangat Baik
B46: Dr. SAMSUL PAHMI, M.Pd.
